Mindmap category,,,,,,,,,Bottom Up,Technology Offerings,Categories,Blips,URL,A/D,O,Research,WA,WA Combined,A/B,DOT,BS,Capacity,Sean,S1,Diptesh,D1,Sudip,S2,Darach,D2,Abhishek,A1,India DoT,Naresh,N1,Dixit 
Level 1,Level 2,Level 3,Level 4,Level 5,Level 6,Level 7,Level 8,Level 9,,,,,,,,,3.8,Maintain,Maintain,,,,Invest,3,Maintain,4,Maintain,4,Maintain,4,Maintain,4,,,,
Tech Stack,Layers,Presentation,Native,Desktop,Windows,Java,,,Business services,Other,Languages and Frameworks,Java,https://vox.sapient.com/docs/DOC-118731?sr=stream,,EU,,2.333333333,Watch,Maintain,Static,562,450,Watch,2,Watch,2,No Opinion ,0,Watch,2,Maintain,4,,Maintain,4,
Tech Stack,Layers,Presentation,Native,Desktop,Mac,Metal,,,Presentation layer,Next Generation Platform,Languages and Frameworks,Metal,https://vox.sapient.com/docs/DOC-118565,,EU,,1.333333333,Hold,Watch,Static,50,0,Watch,2,Watch,2,No Opinion ,0,Watch,2,Hold,1,,Hold,1,
Tech Stack,Layers,Presentation,Native,Desktop,Mac,Cocoa,,,Presentation layer,Other,Languages and Frameworks,Cocoa,https://vox.sapient.com/docs/DOC-118564,,EU,,0.833333333,Hold,Exit,Static,50,0,Hold,1,Hold,1,No Opinion ,0,Hold,1,Hold,1,,Hold,1,
,,,,,,,,,Presentation layer,Next Generation Platform,Languages and Frameworks,Apple Swift,https://vox.sapient.com/docs/DOC-118733?sr=stream,A,,,1,Hold,Invest,In,50,0,,,,,,,,,Hold,1,,,,
,,,,,,,,,Presentation layer,Next Generation Platform,Languages and Frameworks,Java on Android,https://vox.sapient.com/docs/DOC-118731?sr=stream,,,,,,Invest,Static,50,0,,,,,,,,,,,,,,
Tech Stack,Layers,Presentation,Native,Mobile,Android,Tools,GenyMotion,,Presentation layer,Other,Tools,GenyMotion,https://vox.sapient.com/docs/DOC-118298?sr=stream,,EU,TW-Jul14-Trial,1.333333333,Hold,Watch,Static,50,0,Hold,1,Watch,2,Watch,2,Watch,2,Hold,1,,No Opinion,0,
Tech Stack,Layers,Presentation,Native,Mobile,Windows Phone,,,,Presentation layer,Next Generation Platform,Platforms,Windows Phone,https://vox.sapient.com/docs/DOC-118559,,EU,TW-Oct12-Assess,1.166666667,Hold,Exit,Out,50,0,Hold,1,Hold,1,Watch,2,Hold,1,Hold,1,,Hold,1,
Tech Stack,Layers,Presentation,Native,Mobile,Blackberry,,,,Presentation layer,Next Generation Platform,Platforms,Blackberry OS,https://vox.sapient.com/docs/DOC-118558?sr=stream,,EU,,0.666666667,Hold,Exit,Out,50,0,Hold,1,No Opinion ,0,No Opinion ,0,Hold,1,Hold,1,,Hold,1,
,,,,,,,,,Presentation layer,Other,Platforms,Windows 8,https://vox.sapient.com/docs/DOC-119926,,,,,,Watch,Static,50,0,,,,,,,,,,,,,,
,,,,,,,,,Presentation layer,Next Generation Platform,Platforms,Mac OS,https://vox.sapient.com/docs/DOC-119927,,,,,,Exit,In,50,0,,,,,,,,,,,,,,
,,,,,,,,,Presentation layer,Next Generation Platform,Platforms,iOS,https://vox.sapient.com/docs/DOC-119859,,,,,,Invest,Static,50,0,,,,,,,,,,,,,,
,,,,,,,,,Presentation layer,Next Generation Platform,Platforms,Android,https://vox.sapient.com/docs/DOC-119860,,,,,,Invest,Static,50,0,,,,,,,,,,,,,,
,,,,,,,,,Presentation layer,Next Generation Platform,Platforms,Chrome,https://vox.sapient.com/docs/DOC-119856,,,,,,Maintain,Static,50,0,,,,,,,,,,,,,,
,,,,,,,,,Presentation layer,Next Generation Platform,Platforms,IE 11,https://vox.sapient.com/docs/DOC-119857,,,,,,Maintain,Static,50,0,,,,,,,,,,,,,,
,,,,,,,,,Presentation layer,Other,Platforms,Safari,,,,,,,Watch,Static,50,0,,,,,,,,,,,,,,
,,,,,,,,,Presentation layer,Other,Platforms,Firefox,https://vox.sapient.com/docs/DOC-119858,,,,,,Maintain,Static,50,0,,,,,,,,,,,,,,
,,,,,,,,,Presentation layer,Next Generation Platform,Platforms,iPad,https://vox.sapient.com/docs/DOC-119871,,,,,,Invest,In,50,0,,,,,,,,,,,,,,
,,,,,,,,,Presentation layer,Next Generation Platform,Platforms,Android tablets,,,,,,,Invest,In,50,0,,,,,,,,,,,,,,
Tech Stack,Layers,Presentation,Native,Mobile,Enterprise Mobility Management,MobileIron,,,Presentation layer,Other,Tools,Mobile Iron ,https://vox.sapient.com/docs/DOC-118412?sr=stream,,EU,Gartner Margic Quadrant 2014 EMM Leaders,1.5,Maintain,Invest,Static,50,0,Watch,2,Watch,2,Watch,2,Watch,2,Hold,1,,No Opinion,0,
Tech Stack,Layers,Presentation,Native,Mobile,Enterprise Mobility Management,SAP,,,Platforms and Cloud Services,Business Intelligence,Platforms,SAP Hana,https://vox.sapient.com/docs/DOC-118414?sr=stream,,IND,Gartner Margic Quadrant 2014 EMM Leaders,0.666666667,Hold,Watch,In,50,0,No Opinion,0,Watch,2,No Opinion ,0,No Opinion ,0,Watch,2,,No Opinion,0,
Tech Stack,Layers,Presentation,Native,Mobile,Enterprise Mobility Management,Airwatch,,,Infrastructure,Other,Tools,Airwatch by VMWare,https://vox.sapient.com/docs/DOC-118557,,EU,Gartner Margic Quadrant 2014 EMM Leaders,0.833333333,Hold,Watch,Static,50,0,No Opinion,0,Watch,2,Watch,2,No Opinion ,0,Hold,1,,No Opinion,0,
Tech Stack,Layers,Presentation,Native,Mobile,Enterprise Mobility Management,Good Technology,,,Infrastructure,Other,Tools,Good Technology,https://vox.sapient.com/docs/DOC-118418?sr=stream,,EU,Gartner Margic Quadrant 2014 EMM Leaders,1.5,Maintain,Watch,In,50,0,Watch,2,Watch,2,Watch,2,Watch,2,Hold,1,,No Opinion,0,
Tech Stack,Layers,Presentation,Native,Mobile,Enterprise Mobility Management,Citrix ,,,Infrastructure,Other,Tools,Citrix,https://vox.sapient.com/docs/DOC-118555?sr=stream,,EU,Gartner Margic Quadrant 2014 EMM Leaders,0.833333333,Hold,Exit,Static,50,0,No Opinion,0,Watch,2,No Opinion ,0,Watch,2,Hold,1,,No Opinion,0,
,,,,,,,,,Presentation layer,Next Generation Platform,Languages and Frameworks,AngularJS,https://vox.sapient.com/docs/DOC-118734?sr=stream,A,,,4,Maintain,Invest,In,50,0,,,,,,,,,Maintain,4,,,,
Tech Stack,Layers,Presentation,Web,Application Integration Frameworks,MV* (Model-View),AngularJS,Testing,Protractor,Presentation layer,Other,Tools,Protractor ,https://vox.sapient.com/docs/DOC-118515,,EU,TW-Jul14-Trial,1.833333333,Watch,Invest,Static,50,0,Maintain,4,Invest,3,No Opinion ,0,No Opinion ,0,Watch,2,,Watch,2,
,,,,,,,,,Presentation layer,Next Generation Platform,Languages and Frameworks,JavaScript,https://vox.sapient.com/docs/DOC-118415?sr=stream,,EU,,#DIV/0!,#DIV/0!,Maintain,In,81,81,,,,,,,,,,,,,,
Tech Stack,Layers,Presentation,Web,Application Integration Frameworks,MV* (Model-View),Backbone.js,,,Presentation layer,Next Generation Platform,Languages and Frameworks,Backbone.js,https://vox.sapient.com/docs/DOC-118415?sr=stream,,EU,TW-May13-Assess,2,Watch,Maintain,Out,50,0,Hold,1,Invest,3,No Opinion ,0,No Opinion ,0,Maintain,4,,Maintain,4,
Tech Stack,Layers,Presentation,Web,Application Integration Frameworks,MV* (Model-View),Ember,,,Presentation layer,Other,Languages and Frameworks,EmberJS,https://vox.sapient.com/docs/DOC-118417?sr=stream,,EU,,2,Watch,Exit,Static,50,0,Maintain,4,Maintain,4,No Opinion ,0,Watch,2,Hold,1,,Hold,1,
Tech Stack,Layers,Presentation,Web,Application Integration Frameworks,MV* (Model-View),Windows Presentation Foundation (WPF),,,Presentation layer,Other,Languages and Frameworks,Windows Presentation Foundation (WPF),https://vox.sapient.com/docs/DOC-118359?sr=stream,,EU,,1.833333333,Watch,Maintain,Out,50,0,Watch,2,Hold,1,No Opinion ,0,No Opinion ,0,Maintain,4,,Maintain,4,
Tech Stack,Layers,Presentation,Web,Application Integration Frameworks,MV* (Model-View),Knockout,,,Presentation layer,Other,Languages and Frameworks,Knockout,https://vox.sapient.com/docs/DOC-118416?sr=stream,,EU,TW-Oct12-Trial ,1.166666667,Hold,Watch,In,50,0,Watch,2,Watch,2,No Opinion ,0,No Opinion ,0,Watch,2,,Hold,1,
Tech Stack,Layers,Presentation,Web,Application Integration Frameworks,MV* (Model-View),Kendo UI,,,Presentation layer,Other,Languages and Frameworks,Kendo UI,https://vox.sapient.com/docs/DOC-118360?sr=stream,,EU,,1.166666667,Hold,Watch,Out,50,0,Watch,2,Hold,1,No Opinion ,0,No Opinion ,0,Watch,2,,Watch,2,
Tech Stack,Layers,Presentation,Web,Application Integration Frameworks,MV* (Model-View),ExtJS,,,Presentation layer,Other,Languages and Frameworks,Sencha/ExtJS,https://vox.sapient.com/docs/DOC-118422?sr=stream,,EU,,0.833333333,Hold,Watch,Static,50,0,Hold,1,Hold,1,No Opinion ,0,Hold,1,Hold,1,,Hold,1,
Tech Stack,Layers,Presentation,Web,Clients,Rich,Flash/Flex,,,Presentation layer,Next Generation Platform,Languages and Frameworks,Flash/Flex,https://vox.sapient.com/docs/DOC-118496,,EU,,1,Hold,Exit,Out,50,0,Hold,1,Hold,1,Hold,1,Hold,1,Hold,1,,Hold,1,
Tech Stack,Layers,Presentation,Web,Clients,Rich,Silverlight,,,Presentation layer,Next Generation Platform,Languages and Frameworks,Silverlight,https://vox.sapient.com/docs/DOC-118497,,EU,,3,Invest,Exit,Out,50,0,Maintain,4,Maintain,4,Maintain,4,Maintain,4,Hold,1,,Hold,1,
Tech Stack,Layers,Presentation,Web,Clients,Rich,Java,,,Presentation layer,Next Generation Platform,Languages and Frameworks,JavaFX,https://vox.sapient.com/docs/DOC-118735?sr=stream,,EU,,3.833333333,Maintain,Exit,Out,50,0,Maintain,4,Maintain,4,Maintain,4,Invest,3,Maintain,4,,Maintain,4,
Tech Stack,Layers,Presentation,Web,Clients,HTML,Styling,CSS,Less,Presentation layer,Next Generation Platform,Languages and Frameworks,HTML5,https://vox.sapient.com/docs/DOC-118424?sr=stream,,IND,,3.333333333,Invest,Maintain,In,50,0,Maintain,4,Maintain,4,No Opinion ,0,Maintain,4,Maintain,4,,Maintain,4,
Tech Stack,Layers,Presentation,Web,Clients,HTML,Styling,CSS,Sass,Presentation layer,Next Generation Platform,Languages and Frameworks,SASS/LESS,https://vox.sapient.com/docs/DOC-118511,,EU,TW-Oct12-Adopt ,1.5,Maintain,Invest,Static,50,0,No Opinion,0,Maintain,4,No Opinion ,0,No Opinion ,0,Hold,1,,Maintain,4,
Tech Stack,Layers,Presentation,Web,Clients,HTML,UI framework,Bootstrap,,Presentation layer,Other,Languages and Frameworks,Bootstrap,https://vox.sapient.com/docs/DOC-118421?sr=stream,,EU,,3.833333333,Maintain,Invest,Static,50,0,Maintain,4,Invest,3,Maintain,4,Maintain,4,Maintain,4,,Maintain,4,
Tech Stack,Layers,Presentation,Web,Clients,HTML,UI framework,JQuery,,Presentation layer,Next Generation Platform,Languages and Frameworks,JQuery / Mobile,https://vox.sapient.com/docs/DOC-118523,,EU,,1.833333333,Watch,Maintain,Static,50,0,Watch,2,Hold,1,No Opinion ,0,No Opinion ,0,Maintain,4,,Maintain,4,
Tech Stack,Layers,Presentation,Web,Clients,HTML,UI framework,SproutCore,,Presentation layer,Other,Languages and Frameworks,SproutCore,https://vox.sapient.com/docs/DOC-118527,,EU,,1.5,Maintain,Exit,Static,50,0,Maintain,4,Invest,3,No Opinion ,0,No Opinion ,0,Hold,1,,Hold,1,
Tech Stack,Layers,Presentation,Web,Clients,HTML,Testing,Moco,,Presentation layer,Other,Languages and Frameworks,Moco,https://vox.sapient.com/docs/DOC-118530,,IND,TW-Jul14-Trial,2.833333333,Invest,Watch,Static,50,0,Maintain,4,Invest,3,Maintain,4,Maintain,4,Watch,2,,No Opinion,0,
Tech Stack,Layers,Presentation,Web,Clients,Mobile,Mobile Frameworks,PhoneGap,,Presentation layer,Other,Tools,PhoneGap,https://vox.sapient.com/docs/DOC-118531,,IND,TW-Jan14-Assess,3.666666667,Maintain,Invest,In,50,0,Maintain,4,Maintain,4,Maintain,4,Watch,2,Maintain,4,,Maintain,4,
,,,,,,,,,Presentation layer,Next Generation Platform,Techniques,Mobile first,,,,,,,Invest,In,50,0,,,,,,,,,,,,,,
,,,,,,,,,Business services,Next Generation Platform,Techniques,Domain driven design,https://vox.sapient.com/docs/DOC-119774,,,,,,Invest,Out,50,0,,,,,,,,,,,,,,
,,,,,,,,,Presentation layer,Next Generation Platform,Techniques,Responsive Web Design,https://vox.sapient.com/docs/DOC-119849,,,,,,Invest,In,50,0,,,,,,,,,,,,,,
,,,,,,,,,Delivery,Next Generation Platform,Techniques,Development environments in the cloud,,,,,,,Invest,In,50,0,,,,,,,,,,,,,,
,,,,,,,,,Delivery,Next Generation Platform,Techniques,Machine image as a build artifact,,,,,,,Watch,In,50,0,,,,,,,,,,,,,,
,,,,,,,,,Delivery,Next Generation Platform,Techniques,Sapient Approach,,,,,,,Maintain,In,50,0,,,,,,,,,,,,,,
,,,,,,,,,Business services,Other,Techniques,Structured logging,https://vox.sapient.com/docs/DOC-119776?sr=stream,,,,,,Invest,In,50,0,,,,,,,,,,,,,,
,,,,,,,,,Delivery,Next Generation Platform,Techniques,Continuous delivery,,,,,,,Invest,In,50,0,,,,,,,,,,,,,,
,,,,,,,,,Presentation layer,Next Generation Platform,Techniques,HTML5 storage instead of cookies,https://vox.sapient.com/docs/DOC-119855,,,,,,Invest,In,50,0,,,,,,,,,,,,,,
,,,,,,,,,Delivery,Next Generation Platform,Techniques,Performance as a first class citzen,,,,,,,Invest,In,50,0,,,,,,,,,,,,,,
Tech Stack,Layers,Presentation,Visualization,Data Discovery Vendors,Tableau,,,,Data layer,Business Intelligence,Tools,Tableau,https://vox.sapient.com/docs/DOC-118566,,IND,,3.666666667,Maintain,Invest,In,50,0,Maintain,4,Invest,3,Invest,3,Maintain,4,Maintain,4,,Maintain,4,
Tech Stack,Layers,Presentation,Visualization,Data Discovery Vendors,Quickview,,,,Data layer,Business Intelligence,Tools,Qlikview,https://vox.sapient.com/docs/DOC-118568,,EU,,1,Hold,Invest,Static,50,0,Watch,2,Invest,3,No Opinion ,0,No Opinion ,0,Hold,1,,No Opinion,0,
Tech Stack,Layers,Presentation,Visualization,Data Discovery Vendors,Spotfire,,,,Data layer,Business Intelligence,Tools,Spotfire,https://vox.sapient.com/docs/DOC-118572,,EU,,1.166666667,Hold,Invest,Out,50,0,Watch,2,Watch,2,No Opinion ,0,No Opinion ,0,Hold,1,,Watch,2,
Tech Stack,Layers,Presentation,Visualization,Data Discovery Vendors,Datameer,,,,Data layer,Business Intelligence,Platforms,Datameer,https://vox.sapient.com/docs/DOC-118573,,EU,,0.666666667,Hold,Watch,In,50,0,No Opinion,0,Watch,2,No Opinion ,0,No Opinion ,0,Watch,2,,No Opinion,0,
Tech Stack,Layers,Presentation,Visualization,Data Discovery Vendors,Panopticon,,,,Data layer,Business Intelligence,Tools,Panopticon,https://vox.sapient.com/docs/DOC-118575,,EU,,1.666666667,Watch,Watch,Out,50,0,Hold,1,Watch,2,Watch,2,No Opinion ,0,Invest,3,,Watch,2,
Tech Stack,Layers,Presentation,Visualization,Legacy ER Venders,Oracle OBIEE,,,,Data layer,Business Intelligence,Platforms,Oracle Business Inteligence Enterprise Edition,https://vox.sapient.com/docs/DOC-118578,,EU,,1.333333333,Hold,Watch,In,50,0,Hold,1,Maintain,4,Watch,2,No Opinion ,0,Hold,1,,No Opinion,0,
Tech Stack,Layers,Presentation,Visualization,Legacy ER Venders,IBM Cognos,,,,Data layer,Business Intelligence,Platforms,IBM Cognos,https://vox.sapient.com/docs/DOC-118577,,EU,,2,Watch,Watch,Static,50,0,Maintain,4,Invest,3,No Opinion ,0,Maintain,4,Hold,1,,No Opinion,0,
Tech Stack,Layers,Presentation,Visualization,Legacy ER Venders,MicroStrategy?,,,,Presentation layer,Business Intelligence,Languages and Frameworks,D3,https://vox.sapient.com/docs/DOC-118576,,EU,TW-Jan14-Adopt,2.333333333,Watch,Invest,Out,50,0,Maintain,4,Invest,3,No Opinion ,0,Maintain,4,Invest,3,,No Opinion,0,
,,,,,,,,,Business services,Next Generation Platform,Techniques,Mircoservice architectures,https://vox.sapient.com/docs/DOC-119775,,,,,,Watch,In,50,0,,,,,,,,,,,,,,
Tech Stack,Layers,Service,API's,Web Services,REST,Documentation,Swagger,,Business services,Next Generation Platform,Tools,Swagger.io,https://vox.sapient.com/docs/DOC-119804,,EU,TW-Jan14-Adopt,1.666666667,Watch,Invest,Static,50,0,Invest,3,Watch,2,No Opinion ,0,No Opinion ,0,Hold,1,,Maintain,4,
Tech Stack,Layers,Service,API's,Web Services,REST,Documentation,I/O Docs,,Business services,Next Generation Platform,Tools,I/O Docs,,,EU,,1,Hold,Watch,Out,50,0,Invest,3,Watch,2,No Opinion ,0,No Opinion ,0,Hold,1,,No Opinion,0,
Tech Stack,Layers,Service,API's,Web Services,REST,Documentation,Apiary.io,,Business services,Other,Tools,Apiary.io,https://vox.sapient.com/docs/DOC-118588?sr=stream,,EU,,0.5,Hold,Watch,In,50,0,No Opinion,0,Watch,2,No Opinion ,0,No Opinion ,0,Hold,1,,No Opinion,0,
Tech Stack,Layers,Service,API's,Web Services,REST,Testing,Pact & Pacto,,Business services,Other,Tools,Pact & Pacto,https://vox.sapient.com/docs/DOC-118305?sr=stream,,EU,TW-Jul14-Trial,1.5,Maintain,Watch,Out,50,0,Invest,3,Watch,2,No Opinion ,0,Invest,3,Hold,1,,No Opinion,0,
Tech Stack,Layers,Service,API's,Web Services,REST,Testing,Mockable.io,,Business services,Other,Tools,Mockable.io,https://vox.sapient.com/docs/DOC-118586,,EU,,1.5,Maintain,Watch,Out,50,0,No Opinion,0,Maintain,4,Maintain,4,No Opinion ,0,Hold,1,,No Opinion,0,
Tech Stack,Layers,Service,API's,Web Services,REST,Testing,SOAP UI,,Business services,Other,Tools,SOAP UI,https://vox.sapient.com/docs/DOC-118587,,EU,,1.5,Maintain,Watch,In,50,0,Invest,3,Watch,2,No Opinion ,0,No Opinion ,0,Watch,2,,Watch,2,
Tech Stack,Layers,Service,API's,Web Services,REST,Frameworks,Django,,Presentation layer,Other,Languages and Frameworks,Django,https://vox.sapient.com/docs/DOC-119055,,EU,,1.333333333,Hold,Watch,Out,50,0,Invest,3,Maintain,4,No Opinion ,0,No Opinion ,0,Hold,1,,No Opinion,0,
Tech Stack,Layers,Service,API's,Web Services,REST,Frameworks,Restlet,,Business services,Next Generation Platform,Languages and Frameworks,Restlet,https://vox.sapient.com/docs/DOC-119056,,EU,,0.833333333,Hold,Watch,In,50,0,No Opinion,0,Maintain,4,No Opinion ,0,No Opinion ,0,Hold,1,,No Opinion,0,
Tech Stack,Layers,Service,API's,Web Services,REST,Frameworks,Jersey,,Business services,Next Generation Platform,Languages and Frameworks,Jersey,https://vox.sapient.com/docs/DOC-119057,,EU,,1,Hold,Watch,Static,50,0,Invest,3,Watch,2,No Opinion ,0,No Opinion ,0,Hold,1,,No Opinion,0,
Tech Stack,Layers,Service,API's,Web Services,REST,Frameworks,RESTEasy,,Business services,Other,Platforms,WildFly (JBoss),https://vox.sapient.com/docs/DOC-119803,,EU,,1.666666667,Watch,Invest,Out,50,0,Hold,1,Maintain,4,Maintain,4,No Opinion ,0,Hold,1,,No Opinion,0,
Tech Stack,Layers,Service,API's,Web Services,SOAP,WS-* Specification based,WSDL,,Business services,Other,Platforms,WSDL,https://vox.sapient.com/docs/DOC-119059,,EU,TW-May13-Hold,2,Watch,Exit,Out,50,0,Hold,1,Maintain,4,Maintain,4,Hold,1,Hold,1,,Hold,1,
Tech Stack,Layers,Service,API's,Web Services,SOAP,WS-* Specification based,Windows Communication Foundation,,Business services,Other,Languages and Frameworks,Windows Communication Foundation,https://vox.sapient.com/docs/DOC-119060,,EU,,1.166666667,Hold,Exit,Static,50,0,Hold,1,Hold,1,No Opinion ,0,Hold,1,Maintain,4,,No Opinion,0,
Tech Stack,Layers,Service,API's,Web Services,SOAP,WS-* Specification based,Apache Axis/2,,Business services,Other,Platforms,Apache Axis/2,https://vox.sapient.com/docs/DOC-118589,,EU,,1,Hold,Exit,Out,50,0,Invest,3,Watch,2,No Opinion ,0,No Opinion ,0,Hold,1,,No Opinion,0,
Tech Stack,Layers,Service,API's,Management,Apigee,,,,Business services,Other,Platforms,Apigee.com,https://vox.sapient.com/docs/DOC-118655,,EU,,0.833333333,Hold,Watch,Static,50,0,Watch,2,Watch,2,No Opinion ,0,No Opinion ,0,Hold,1,,No Opinion,0,
Tech Stack,Layers,Service,API's,Management,Layer 7,,,,Business services,Other,Platforms,Layer 7,https://vox.sapient.com/docs/DOC-119064,,EU,,2,Watch,Watch,Out,50,0,No Opinion,0,Invest,3,Maintain,4,Maintain,4,Hold,1,,No Opinion,0,
Tech Stack,Layers,Service,API's,Orchestration/Choreography,BPEL,,,,Business services,Other,Languages and Frameworks,BPEL,https://vox.sapient.com/docs/DOC-118658,,EU,,1.833333333,Watch,Exit,Static,50,0,Hold,1,Invest,3,Watch,2,Invest,3,Watch,2,,No Opinion,0,
Tech Stack,Layers,Service,Web Servers,Apache Tomcat,,,,,Business services,Other,Platforms,Apache Tomcat,https://vox.sapient.com/docs/DOC-118659,,EU,,2.5,Maintain,Maintain,Out,50,0,Invest,3,Invest,3,Invest,3,No Opinion ,0,Watch,2,,Maintain,4,
Tech Stack,Layers,Service,Web Servers,nginx,,,,,Business services,Next Generation Platform,Platforms,Nginx,https://vox.sapient.com/docs/DOC-118816?sr=stream,,EU,,2.333333333,Watch,Invest,In,50,0,Maintain,4,Maintain,4,Hold,1,No Opinion ,0,Watch,2,,Invest,3,
Tech Stack,Layers,Service,Web Servers,Servlet Engines,Jetty,,,,Business services,Next Generation Platform,Platforms,Jetty,https://vox.sapient.com/docs/DOC-119065,,EU,,4,Maintain,Invest,Static,50,0,Maintain,4,Maintain,4,Maintain,4,Maintain,4,Maintain,4,,Maintain,4,
Tech Stack,Layers,Service,Web Servers,WebSphere,,,,,Business services,Other,Platforms,WebSphere Application Server,https://vox.sapient.com/docs/DOC-118817,,EU,,4,Maintain,Maintain,Out,50,0,Maintain,4,Maintain,4,Maintain,4,Maintain,4,Maintain,4,,Maintain,4,
Tech Stack,Layers,Service,Web Servers,IIS,,,,,Business services,Other,Platforms,Microsoft IIS,https://vox.sapient.com/docs/DOC-119802,,EU,,4,Maintain,Maintain,Out,50,0,Maintain,4,Maintain,4,Maintain,4,Maintain,4,Maintain,4,,Maintain,4,
Tech Stack,Layers,Business Logic,Types,Component,.NET,,,,Business services,Other,Platforms,.NET framework,https://vox.sapient.com/docs/DOC-119780,,EU,,3.5,Maintain,Maintain,Static,417,417,Maintain,4,Hold,1,Maintain,4,Maintain,4,Maintain,4,,Maintain,4,
Tech Stack,Layers,Business Logic,Types,Component,JEE,Vendors,Oracle WebLogic,,Business services,Other,Platforms,Oracle WebLogic Application Server,https://vox.sapient.com/docs/DOC-119801,,EU,,2.5,Maintain,Maintain,Out,50,0,Maintain,4,Hold,1,Watch,2,No Opinion ,0,Maintain,4,,Maintain,4,
Tech Stack,Layers,Business Logic,Types,Component,JEE,Vendors,Glassfish,,Business services,Other,Platforms,Oracle Glassfish,,,EU,,2.166666667,Watch,Exit,Out,50,0,Maintain,4,Invest,3,No Opinion ,0,Maintain,4,Hold,1,,Hold,1,
Tech Stack,Layers,Business Logic,Types,Non-blocking I/O,Node.js,,,,Business services,Next Generation Platform,Platforms,Node.JS,https://vox.sapient.com/docs/DOC-118660,,IND,TW-Jan14-Adopt,2.166666667,Watch,Invest,In,50,0,Maintain,4,Invest,3,No Opinion ,0,No Opinion ,0,Invest,3,,Invest,3,
Tech Stack,Layers,Business Logic,Types,Non-blocking I/O,AKKA,,,,Business services,Next Generation Platform,Platforms,Akka,,,IND,TW-Jul14-Assess,1.5,Maintain,Watch,Static,50,0,Invest,3,Invest,3,No Opinion ,0,No Opinion ,0,Invest,3,,No Opinion,0,
Tech Stack,Layers,Business Logic,Types,Non-blocking I/O,Vertx.io,,,,Business services,Next Generation Platform,Platforms,Vertx.io,https://vox.sapient.com/docs/DOC-118671,,EU,TW-May13-Assess,0.666666667,Hold,Watch,Out,50,0,Hold,1,Watch,2,No Opinion ,0,No Opinion ,0,Hold,1,,No Opinion,0,
Tech Stack,Layers,Business Logic,Types,Non-blocking I/O,Netty,,,,Business services,Next Generation Platform,Platforms,Netty,https://vox.sapient.com/docs/DOC-118675,,EU,,1.333333333,Hold,Watch,Out,50,0,Hold,1,Invest,3,Invest,3,No Opinion ,0,Hold,1,,No Opinion,0,
Tech Stack,Layers,Business Logic,Types,Complex Event Processing (CEP),Apama,,,,Business services,Other,Platforms,Apama CEP,,,IND,,0.666666667,Hold,Exit,In,50,0,Hold,1,Watch,2,No Opinion ,0,No Opinion ,0,Hold,1,,No Opinion,0,
Tech Stack,Layers,Business Logic,Types,Complex Event Processing (CEP),Streambase,,,,Business services,Other,Platforms,Streambase CEP,,,IND,,0.5,Hold,Exit,Static,50,0,No Opinion,0,No Opinion ,0,No Opinion ,0,No Opinion ,0,Invest,3,,No Opinion,0,
Tech Stack,Layers,Business Logic,Types,Web Traditional,Perl,,,,Business services,Next Generation Platform,Languages and Frameworks,Perl ,https://vox.sapient.com/docs/DOC-118722,,EU,,2.833333333,Invest,Exit,In,50,0,Hold,1,Invest,3,Hold,1,Maintain,4,Maintain,4,,Maintain,4,
,,,,,,,,,Business services,Other,Languages and Frameworks,ASP.NET,https://vox.sapient.com/docs/DOC-119808,,,,,,Maintain,Out,50,0,,,,,,,,,,,,,,
Tech Stack,Layers,Business Logic,Types,Web Traditional,Python,,,,Business services,Other,Languages and Frameworks,Python 3,https://vox.sapient.com/docs/DOC-118721,,IND,,1.5,Maintain,Maintain,Static,50,0,Hold,1,Hold,1,Hold,1,Maintain,4,Watch,2,,No Opinion,0,
Tech Stack,Layers,Business Logic,Types,Web Traditional,Rails,,,,Business services,Next Generation Platform,Languages and Frameworks,Rails,,,EU,,0.833333333,Hold,Exit,Out,50,0,Hold,1,Hold,1,Hold,1,No Opinion ,0,Hold,1,,Hold,1,
Tech Stack,Layers,Business Logic,Types,Web Traditional,PHP,,,,Business services,Next Generation Platform,Languages and Frameworks,PHP,https://vox.sapient.com/docs/DOC-118723,,EU,,1.333333333,Hold,Exit,In,50,0,Invest,3,No Opinion ,0,No Opinion ,0,No Opinion ,0,Hold,1,,Maintain,4,
Tech Stack,Layers,Business Logic,Types,Other,KDB+,,,,Business services,Next Generation Platform,Platforms,KDB+,https://vox.sapient.com/docs/DOC-118815,,IND,,2,Watch,Watch,Static,50,0,No Opinion,0,Invest,3,Invest,3,Maintain,4,Watch,2,,No Opinion,0,
,,,,,,,,,Business services,Next Generation Platform,Techniques,Alternatives to .NET/JEE,,,,,,,Invest,In,50,0,,,,,,,,,,,,,,
Tech Stack,Layers,Business Logic,Data Access,Hibernate,,,,,Business services,Other,Tools,Hibernate ,https://vox.sapient.com/docs/DOC-119361,,EU,,1.666666667,Watch,Exit,Out,50,0,Hold,1,Hold,1,No Opinion ,0,No Opinion ,0,Maintain,4,,Maintain,4,
Tech Stack,Layers,Business Logic,Data Access,ADO.NET,,,,,Business services,Other,Tools,ADO.NET,https://vox.sapient.com/docs/DOC-118676,,EU,,0.666666667,Hold,Exit,In,50,0,Hold,1,Hold,1,No Opinion ,0,No Opinion ,0,Hold,1,,Hold,1,
Tech Stack,Layers,Data,Governance,,,,,,Data layer,Other,Techniques,Governance ,,,EU,,0.666666667,Hold,Maintain,In,50,0,No Opinion,0,No Opinion ,0,Invest,3,No Opinion ,0,Hold,1,,No Opinion,0,
Tech Stack,Layers,Data,Management,Storage,Types,Persistent,Relational,Oracle,Data layer,Other,Platforms,Oracle Database,,,EU,,3.5,Maintain,Maintain,Out,50,0,Maintain,4,Hold,1,Maintain,4,Maintain,4,Maintain,4,,Maintain,4,
Tech Stack,Layers,Data,Management,Storage,Types,Persistent,Relational,MS SQL Server,Data layer,Other,Platforms,Microsoft SQL Server,https://vox.sapient.com/docs/DOC-118726,,EU,,3.333333333,Invest,Maintain,Static,50,0,Maintain,4,Invest,3,Hold,1,Maintain,4,Maintain,4,,Maintain,4,
Tech Stack,Layers,Data,Management,Storage,Types,Persistent,NoSQL,Couldant,Data layer,Other,Platforms,IBM Couldant,,,EU,,2.166666667,Watch,Watch,Static,50,0,Maintain,4,Maintain,4,No Opinion ,0,Maintain,4,Hold,1,,No Opinion,0,
Tech Stack,Layers,Data,Management,Storage,Types,Persistent,NoSQL,Neo4J,Data layer,Business Intelligence,Platforms,Neo4J,https://vox.sapient.com/docs/DOC-118819,,IND,TW-Jan14-Adopt ,1.333333333,Hold,Invest,Out,50,0,No Opinion,0,No Opinion ,0,No Opinion ,0,No Opinion ,0,Maintain,4,,Maintain,4,
Tech Stack,Layers,Data,Management,Storage,Types,Persistent,NoSQL,Amazon DynamoDB,Platforms and Cloud Services,Business Intelligence,Platforms,Amazon DynamoDB,https://vox.sapient.com/docs/DOC-119348,,EU,,1.833333333,Watch,Watch,Out,50,0,Maintain,4,Hold,1,Maintain,4,No Opinion ,0,Watch,2,,No Opinion,0,
Tech Stack,Layers,Data,Management,Storage,Types,Persistent,NoSQL,PostgreSQL,Data layer,Business Intelligence,Tools,PostgreSQL for NoSQL,https://vox.sapient.com/docs/DOC-118328,,IND,TW-Jul14-Trial,1.333333333,Hold,Watch,Static,50,0,No Opinion,0,Maintain,4,No Opinion ,0,No Opinion ,0,Watch,2,,Watch,2,
Tech Stack,Layers,Data,Management,Storage,Types,Persistent,Object/Document,CouchDB,Data layer,Business Intelligence,Platforms,Couchbase,https://vox.sapient.com/docs/DOC-119345,,EU,,2,Watch,Watch,In,50,0,Maintain,4,Invest,3,Invest,3,No Opinion ,0,Watch,2,,No Opinion,0,
Tech Stack,Layers,Data,Management,Storage,Types,Persistent,Object/Document,MongoDB,Data layer,Next Generation Platform,Platforms,MongoDB,https://vox.sapient.com/docs/DOC-119347,,IND,TW-Jan14-Adopt,1.5,Maintain,Invest,Static,50,0,No Opinion,0,Watch,2,No Opinion ,0,No Opinion ,0,Invest,3,,Maintain,4,
Tech Stack,Layers,Data,Management,Storage,Types,Persistent,Wide Column Stores,Cassandra,Data layer,Next Generation Platform,Platforms,Apache Cassandra,https://vox.sapient.com/docs/DOC-118729,,IND,,1,Hold,Invest,Out,50,0,No Opinion,0,Invest,3,No Opinion ,0,No Opinion ,0,Invest,3,,No Opinion,0,
Tech Stack,Layers,Data,Management,Storage,Types,Persistent,Wide Column Stores,HBase,Data layer,Business Intelligence,Platforms,HBase,https://vox.sapient.com/docs/DOC-118728,,EU,,0.833333333,Hold,Invest,In,50,0,Hold,1,Hold,1,No Opinion ,0,No Opinion ,0,Invest,3,,No Opinion,0,
Tech Stack,Layers,Data,Management,Storage,Types,Persistent,Wide Column Stores,Druid,Data layer,Business Intelligence,Tools,Druid,,,EU,,0.833333333,Hold,Watch,Out,50,0,Invest,3,No Opinion ,0,No Opinion ,0,No Opinion ,0,Watch,2,,No Opinion,0,
Tech Stack,Layers,Data,Management,Storage,Types,In Memory Data Grids,NoSQL,Redis,Data layer,Business Intelligence,Platforms,Redis,,,EU,,2.833333333,Invest,Invest,Out,50,0,Maintain,4,Invest,3,Invest,3,Maintain,4,Invest,3,,No Opinion,0,
Tech Stack,Layers,Data,Management,Storage,Types,In Memory Data Grids,Key-Value Caches,EHCache,Data layer,Business Intelligence,Platforms,EHCache,,,EU,,1.666666667,Watch,Watch,In,50,0,No Opinion,0,Invest,3,Invest,3,No Opinion ,0,Watch,2,,Watch,2,
Tech Stack,Layers,Data,Management,Storage,Types,In Memory Data Grids,Columnar,,Data layer,Business Intelligence,Techniques,Columnar,,,EU,,2.5,Maintain,Invest,Static,50,0,Watch,2,Maintain,4,Invest,3,Invest,3,Invest,3,,No Opinion,0,
Tech Stack,Layers,Data,Management,Storage,Types,In Memory Data Grids,Data Grids,Oracle Coherence,Data layer,Business Intelligence,Tools,Oracle Coherence,,,EU,,2.666666667,Invest,Watch,Out,50,0,Invest,3,Invest,3,Watch,2,Invest,3,Invest,3,,Watch,2,
Tech Stack,Layers,Data,Management,Storage,Types,In Memory Data Grids,Data Grids,Gemfire,Data layer,Business Intelligence,Tools,Gemfire,,,EU,,1.333333333,Hold,Watch,In,50,0,Hold,1,Watch,2,No Opinion ,0,No Opinion ,0,Invest,3,,Watch,2,
Tech Stack,Layers,Data,Management,Storage,Types,In Memory Data Grids,Data Grids,GigaSpaces,Data layer,Business Intelligence,Tools,GigaSpaces,,,EU,,0.333333333,Hold,Watch,Static,50,0,No Opinion,0,No Opinion ,0,No Opinion ,0,No Opinion ,0,Watch,2,,No Opinion,0,
Tech Stack,Layers,Data,Management,Storage,Types,In Memory Data Grids,Data Grids,Hazelcast,Data layer,Next Generation Platform,Languages and Frameworks,Hazelcast ,,,EU,,0.333333333,Hold,Watch,In,50,0,No Opinion,0,No Opinion ,0,No Opinion ,0,No Opinion ,0,Watch,2,,No Opinion,0,
Tech Stack,Layers,Data,Warehousing and BI,Terradata,,,,,Data layer,Business Intelligence,Platforms,Teradata,,,EU,,3.166666667,Invest,Invest,Out,50,0,Maintain,4,Maintain,4,Maintain,4,Maintain,4,Invest,3,,No Opinion,0,
Tech Stack,Layers,Data,Warehousing and BI,Netezza,,,,,Data layer,Business Intelligence,Platforms,IBM Netezza,,,EU,,0.833333333,Hold,Watch,Static,50,0,No Opinion,0,No Opinion ,0,Watch,2,No Opinion ,0,Invest,3,,No Opinion,0,
Tech Stack,Layers,Data,Meta Data / Semantics,MarkLogic,,,,,Data layer,Business Intelligence,Platforms,MarkLogic,,,EU,,2,Watch,Invest,In,50,0,No Opinion,0,Invest,3,Maintain,4,Watch,2,Invest,3,,No Opinion,0,
Tech Stack,Layers,Data,Tools,Flyway,,,,,Data layer,Other,Tools,Flyway,https://vox.sapient.com/docs/DOC-118295,,EU,TW-Jul14-Trial,2.166666667,Watch,Watch,Static,50,0,Maintain,4,No Opinion ,0,Invest,3,Maintain,4,Watch,2,,No Opinion,0,
Tech Stack,Layers,Data,Big Data,Batch,Hadoop,Hadoop Distributed File System (HDFS),,,Data layer,Business Intelligence,Platforms,Hadoop 2.0,https://vox.sapient.com/docs/DOC-119066,,IND,TW-Jul14-Adopt,1.666666667,Watch,Invest,Static,50,0,No Opinion,0,Invest,3,Watch,2,Watch,2,Invest,3,,No Opinion,0,
Tech Stack,Layers,Data,Big Data,Batch,Hadoop,MapReduce,,,Data layer,Business Intelligence,Techniques,MapReduce ,https://vox.sapient.com/docs/DOC-119336,,EU,,1.666666667,Watch,Invest,Out,50,0,Watch,2,Invest,3,No Opinion ,0,Watch,2,Invest,3,,No Opinion,0,
Tech Stack,Layers,Data,Big Data,Batch,Hadoop,Yet Another Resource Negotiator (YARN),,,Data layer,Business Intelligence,Tools,Yet Another Resource Negotiator (YARN),https://vox.sapient.com/docs/DOC-119337,,EU,,1.666666667,Watch,Watch,In,50,0,Watch,2,Invest,3,No Opinion ,0,Watch,2,Invest,3,,No Opinion,0,
Tech Stack,Layers,Data,Big Data,Batch,Hadoop,User Interaction,Pig,,Data layer,Business Intelligence,Tools,Apache Pig,https://vox.sapient.com/docs/DOC-119339,,EU,,1.666666667,Watch,Invest,Static,50,0,Watch,2,Invest,3,No Opinion ,0,Watch,2,Invest,3,,No Opinion,0,
Tech Stack,Layers,Data,Big Data,Batch,Hadoop,User Interaction,Sqoop,,Data layer,Business Intelligence,Tools,Apache Sqoop,https://vox.sapient.com/docs/DOC-119340,,EU,,1.5,Maintain,Watch,Out,50,0,Watch,2,Invest,3,No Opinion ,0,Watch,2,Watch,2,,No Opinion,0,
Tech Stack,Layers,Data,Big Data,Batch,Hadoop,User Interaction,ZooKeeper,,Infrastructure,Business Intelligence,Tools,ZooKeeper,https://vox.sapient.com/docs/DOC-119342,,EU,,1.333333333,Hold,Watch,In,50,0,Watch,2,Watch,2,No Opinion ,0,Watch,2,Watch,2,,No Opinion,0,
Tech Stack,Layers,Data,Big Data,Batch,Hadoop,On-Premises,Hadapt,,Data layer,Business Intelligence,Tools,Teradata Hadapt,https://vox.sapient.com/docs/DOC-119344,,EU,,2,Watch,Watch,Static,50,0,Watch,2,Invest,3,Invest,3,Watch,2,Watch,2,,No Opinion,0,
Tech Stack,Layers,Data,Big Data,Batch,Hadoop,On-Premises,Cloudera,,Data layer,Business Intelligence,Platforms,Cloudera,,,EU,,2,Watch,Watch,Out,50,0,Watch,2,Invest,3,Watch,2,Watch,2,Invest,3,,No Opinion,0,
Tech Stack,Layers,Data,Big Data,Batch,Hadoop,Private,PaaS,Domain Specific PaaS,Infrastructure,Other,Techniques,Domain Specific PaaS,,,EU,TW-Oct12-Trial ,1.5,Maintain,Watch,Out,50,0,Watch,2,Invest,3,No Opinion ,0,Watch,2,Watch,2,,No Opinion,0,
Tech Stack,Layers,Data,Big Data,Analytics,Predictive,Python,,,Business services,Other,Tools,Python,https://vox.sapient.com/docs/DOC-118721,,EU,,1.5,Maintain,Exit,Static,50,0,Hold,1,No Opinion ,0,Watch,2,Maintain,4,Watch,2,,No Opinion,0,
Tech Stack,Layers,Data,Big Data,Analytics,Predictive,SQL Stream,,,Data layer,Other,Tools,SQLStream,https://vox.sapient.com/docs/DOC-119045,,EU,,1.5,Maintain,Watch,Static,50,0,No Opinion,0,Hold,1,Hold,1,Maintain,4,Invest,3,,No Opinion,0,
Tech Stack,Layers,Data,Big Data,Analytics,Descriptive,Search,ElasticSearch,,Data layer,Next Generation Platform,Platforms,Elastic Search ,,,IND,TW-Jan14-Adopt,0.5,Hold,Invest,Out,50,0,No Opinion,0,No Opinion ,0,No Opinion ,0,No Opinion ,0,Invest,3,,No Opinion,0,
Tech Stack,Layers,Data,Big Data,Analytics,Descriptive,Data Analytics,Pentaho,,Data layer,Business Intelligence,Platforms,Pentaho,https://vox.sapient.com/docs/DOC-118574,,EU,,1.833333333,Watch,Watch,Static,50,0,No Opinion,0,Maintain,4,Maintain,4,No Opinion ,0,Invest,3,,No Opinion,0,
Tech Stack,Layers,Data,Big Data,Analytics,Descriptive,Data Analytics,IT Log Analytics,Log Stash,Infrastructure,Other,Languages and Frameworks,Logstash,,,EU,,0.5,Hold,Watch,In,50,0,No Opinion,0,No Opinion ,0,No Opinion ,0,No Opinion ,0,Invest,3,,No Opinion,0,
Tech Stack,Layers,Data,Big Data,Analytics,Descriptive,Data Analytics,IT Log Analytics,Sumo Logic,Infrastructure,Other,Platforms,Sumo Logic,https://vox.sapient.com/docs/DOC-119050,,EU,,0.5,Hold,Watch,Static,50,0,No Opinion,0,No Opinion ,0,No Opinion ,0,No Opinion ,0,Invest,3,,No Opinion,0,
Tech Stack,Layers,Data,Big Data,Analytics,Descriptive,Data Analytics,Analytics Platforms,Databricks,Platforms and Cloud Services,Other,Platforms,Databricks,https://vox.sapient.com/docs/DOC-119051,,EU,,0.333333333,Hold,Watch,Out,50,0,No Opinion,0,No Opinion ,0,No Opinion ,0,No Opinion ,0,Watch,2,,No Opinion,0,
Tech Stack,Layers,Data,Big Data,Analytics,Descriptive,Time-Series Analysis,OneTick,,Data layer,Business Intelligence,Tools,One Tick,,,IND,,0.5,Hold,Exit,Out,50,0,No Opinion,0,No Opinion ,0,No Opinion ,0,No Opinion ,0,Invest,3,,No Opinion,0,
Tech Stack,Layers,Data,Big Data,Analytics,Descriptive,Time-Series Analysis,Vhayu,,Data layer,Business Intelligence,Tools,Vhayu,,,EU,,2.5,Maintain,Exit,In,50,0,Invest,3,Invest,3,Invest,3,Maintain,4,Watch,2,,No Opinion,0,
Tech Stack,Layers,Data,Big Data,Analytics,Descriptive,Business Intelligence,Jaspersoft,,Data layer,Other,Tools,TIBCO Jaspersoft,https://vox.sapient.com/docs/DOC-119054,,EU,,2.333333333,Watch,Watch,In,50,0,Watch,2,Invest,3,Invest,3,Maintain,4,Watch,2,,No Opinion,0,
Tech Stack,Layers,Data,Big Data,Analytics,Descriptive,Business Intelligence,Snowplow,,Presentation layer,Other,Tools,Snowplow,https://vox.sapient.com/docs/DOC-118309,,EU,TW-Jul14-Trial,1.333333333,Hold,Watch,In,50,0,Watch,2,Watch,2,No Opinion ,0,Watch,2,Watch,2,,No Opinion,0,
Tech Stack,Layers,Data,Big Data,Analytics,Descriptive,Business Intelligence,Piwik,,Data layer,Other,Tools,Piwik,https://vox.sapient.com/docs/DOC-118309,,EU,TW-Jul14-Trial,1.333333333,Hold,Watch,Static,50,0,Watch,2,Watch,2,No Opinion ,0,Watch,2,Watch,2,,No Opinion,0,
Tech Stack,Layers,Messaging and Communications,Messaging,Web Transport,SPDY,,,,Integration,Next Generation Platform,Languages and Frameworks,SPDY,https://vox.sapient.com/docs/DOC-118355?sr=stream,,IND,TW-Jul14-Assess,1.166666667,Hold,Watch,Static,50,0,No Opinion,0,No Opinion ,0,Hold,1,Invest,3,Invest,3,,No Opinion,0,
Tech Stack,Layers,Messaging and Communications,Messaging,Asynchronous,MOM,Wombat,,,Integration,Next Generation Platform,Platforms,Wombat,,,EU,,1.5,Maintain,Watch,In,50,0,Watch,2,Invest,3,Invest ,3,No Opinion ,0,Hold,1,,No Opinion,0,
Tech Stack,Layers,Messaging and Communications,Messaging,Asynchronous,MOM,29West,,,Integration,Next Generation Platform,Platforms,29West,,,EU,,1.333333333,Hold,Watch,In,50,0,Watch,2,Invest,3,Watch,2,No Opinion ,0,Hold,1,,No Opinion,0,
Tech Stack,Layers,Messaging and Communications,Messaging,Asynchronous,MOM,Solace Systems,,,Integration,Next Generation Platform,Platforms,Solace Systems,,,IND,,1.666666667,Watch,Watch,In,50,0,No Opinion,0,Maintain,4,Maintain,4,No Opinion ,0,Watch,2,,No Opinion,0,
Tech Stack,Layers,Messaging and Communications,Messaging,Asynchronous,Message Queues,MQ WebSphere,,,Integration,Other,Platforms,IBM Websphere MQ,https://vox.sapient.com/docs/DOC-118817,,EU,,1.666666667,Watch,Exit,In,50,0,invest,3,Watch,2,Invest,3,No Opinion ,0,Watch,2,,No Opinion,0,
Tech Stack,Layers,Messaging and Communications,Messaging,Asynchronous,Message Queues,Rabbit MQ,,,Integration,Other,Platforms,RabbitMQ,https://vox.sapient.com/docs/DOC-119925,,IND,,1.833333333,Watch,Invest,Static,50,0,invest,3,Watch,2,Invest,3,No Opinion ,0,Invest,3,,No Opinion,0,
Tech Stack,Layers,Messaging and Communications,Messaging,Asynchronous,Message Queues,JMS,ActiveMQ,,Integration,Other,Tools,ActiveMQ,,,EU,,1.166666667,Hold,Watch,Static,50,0,No Opinion,0,Watch,2,Watch,2,No Opinion ,0,Invest,3,,No Opinion,0,
Tech Stack,Layers,Messaging and Communications,Messaging,Asynchronous,Message Queues,JMS,Oracle WebLogic,,Integration,Other,Platforms,Oracle WebLogic JMS,https://vox.sapient.com/docs/DOC-119801,,EU,,1.5,Maintain,Exit,In,50,0,No Opinion,0,Maintain,4,Maintain,4,No Opinion ,0,Hold,1,,No Opinion,0,
Tech Stack,Layers,Messaging and Communications,Messaging,Asynchronous,Message Queues,JMS,EMS TIBCO,,Integration,Other,Platforms,TIBCO Enterprise Message Service,,,EU,,0.333333333,Hold,Exit,Static,50,0,No Opinion,0,Hold,1,No Opinion ,0,No Opinion ,0,Hold,1,,No Opinion,0,
Tech Stack,Tools,Coding,Code Quality,Altassian Clover,,,,,Delivery,Other,Tools,Altassian Clover,,,EU,,1.666666667,Watch,Watch,In,50,0,No Opinion,0,Maintain,4,Maintain,4,No Opinion ,0,Watch,2,,No Opinion,0,
Tech Stack,Tools,Coding,Code Quality,FindBugs,,,,,Delivery,Other,Tools,FindBugs,,,EU,,1,Hold,Watch,Static,50,0,No Opinion,0,Hold,1,Maintain,4,No Opinion ,0,Hold,1,,No Opinion,0,
Tech Stack,Tools,Coding,Build/Packaging Tools,Jenkins,,,,,Delivery,Other,Tools,Jenkins,,,EU,,2.666666667,Invest,Watch,Out,50,0,No Opinion,0,Maintain,4,Maintain,4,No Opinion ,0,Maintain,4,,Maintain,4,
Tech Stack,Tools,Coding,Build/Packaging Tools,Maven,,,,,Delivery,Other,Tools,Maven,https://vox.sapient.com/docs/DOC-118626,,EU,TW-May13-Hold ,2.333333333,Watch,Exit,In,50,0,Invest,3,Invest,3,No Opinion ,0,No Opinion ,0,Maintain,4,,Maintain,4,
Tech Stack,Tools,Coding,Build/Packaging Tools,Gulp,,,,,Delivery,Other,Tools,Gulp,https://vox.sapient.com/docs/DOC-118301?sr=stream,,EU,TW-Jul-14-Trial,2.333333333,Watch,Watch,Out,50,0,Invest,3,Invest,3,No Opinion ,0,No Opinion ,0,Maintain,4,,Maintain,4,
Tech Stack,Tools,Coding,Build/Packaging Tools,Grunt,,,,,Delivery,Other,Tools,Grunt.JS,https://vox.sapient.com/docs/DOC-118301?sr=stream,,IND,TW-Jul-14-Trial,1.833333333,Watch,Watch,In,50,0,No Opinion,0,Invest,3,No Opinion ,0,No Opinion ,0,Maintain,4,,Maintain,4,
Tech Stack,Tools,Coding,Build/Packaging Tools,Gradle,,,,,Delivery,Other,Tools,Gradle,https://vox.sapient.com/docs/DOC-118624,,EU,TW-Jan14-Adopt,2.833333333,Invest,Invest,Static,50,0,Invest,3,Invest,3,Invest,3,No Opinion ,0,Maintain,4,,Maintain,4,
Tech Stack,Tools,Coding,Continuous Integration,Bamboo,,,,,Delivery,Other,Tools,Bamboo,,,EU,,2.333333333,Watch,Invest,Out,50,0,Hold,1,Maintain,4,Invest,3,Maintain,4,Watch,2,,No Opinion,0,
Tech Stack,Tools,Coding,Continuous Integration,Team City,,,,,Delivery,Other,Tools,Team City,,,EU,,2.5,Maintain,Maintain,In,50,0,Hold,1,Maintain,4,Maintain,4,Maintain,4,Watch,2,,No Opinion,0,
Tech Stack,Tools,Coding,Continuous Integration,CruiseControl,,,,,Delivery,Other,Tools,CruiseControl,,,EU,,3.333333333,Invest,Exit,Static,50,0,Maintain,4,Maintain,4,Maintain,4,Maintain,4,Maintain,4,,No Opinion,0,
Tech Stack,Tools,Coding,Continuous Integration,Team Foundation Server,,,,,Delivery,Other,Tools,Team Foundation Server,,,IND,,3.666666667,Maintain,Exit,Out,50,0,Maintain,4,Maintain,4,Maintain,4,Maintain,4,Watch,2,,Maintain,4,
Tech Stack,Tools,Coding,IDE's,Eclipse,,,,,Delivery,Other,Tools,Eclipse,,,EU,,3.333333333,Invest,Maintain,In,50,0,Maintain,4,Maintain,4,Maintain,4,No Opinion ,0,Maintain,4,,Maintain,4,
Tech Stack,Tools,Coding,IDE's,WebStorm,,,,,Presentation layer,Other,Tools,WebStorm,https://vox.sapient.com/docs/DOC-119846,,EU,,3.333333333,Invest,Invest,Static,50,0,Maintain,4,Maintain,4,Maintain,4,No Opinion ,0,Maintain,4,,Maintain,4,
Tech Stack,Tools,Coding,IDE's,IntilleJ,,,,,Presentation layer,Other,Tools,Intellij,,,EU,,3.333333333,Invest,Exit,Out,50,0,Maintain,4,Maintain,4,No Opinion ,0,Maintain,4,Maintain,4,,Maintain,4,
Tech Stack,Tools,Coding,IDE's,MS VisualStudio,,,,,Delivery,Other,Tools,Microsoft VisualStudio,,,EU,,1.833333333,Watch,Maintain,In,50,0,No Opinion,0,Invest,3,No Opinion ,0,No Opinion ,0,Maintain,4,,Maintain,4,
Tech Stack,Tools,Coding,IDE's,SpringBoot,,,,,Business services,Other,Languages and Frameworks,Spring Boot,,,EU,TW-Jul14-Assess,0.833333333,Hold,Watch,Out,50,0,No Opinion,0,No Opinion ,0,Invest,3,No Opinion ,0,Hold,1,,Hold,1,
Tech Stack,Tools,Continuous Delivery,Go CD,,,,,,Delivery,Other,Tools,Go CD,https://vox.sapient.com/docs/DOC-118299?sr=stream,,EU,TW-Jul14-Trial,0.166666667,Hold,Watch,Static,50,0,No Opinion,0,No Opinion ,0,No Opinion ,0,No Opinion ,0,Hold,1,,No Opinion,0,
Tech Stack,Tools,Continuous Delivery,SnapCI,,,,,,Delivery,Other,Tools,SnapCI,,,IND,TW-Jul14-Trial,1.666666667,Watch,Watch,Out,50,0,Hold,1,Maintain,4,Maintain,4,No Opinion ,0,Hold,1,,No Opinion,0,
Tech Stack,Tools,Version Control,SVN,,,,,,Delivery,Other,Tools,Subversion,,,EU,,2.166666667,Watch,Maintain,Out,50,0,Maintain,4,Invest,3,Maintain,4,No Opinion ,0,Hold,1,,Hold,1,
Tech Stack,Tools,Version Control,Git,,,,,,Delivery,Other,Tools,GIT,,,IND,TW-Jan14-Adopt ,1.666666667,Watch,Invest,Static,50,0,Hold,1,Hold,1,No Opinion ,0,No Opinion ,0,Maintain,4,,Maintain,4,
Tech Stack,Tools,Version Control,VCS,,,,,,Delivery,Other,Tools,CVS,,,EU,TW-Oct12-Hold,1.5,Maintain,Exit,Out,50,0,Watch,2,Hold,1,Maintain,4,No Opinion ,0,Hold,1,,Hold,1,
Tech Stack,Languages,Compiled Languages,C++,,,,,,Business services,Other,Languages and Frameworks,C++,https://vox.sapient.com/docs/DOC-119806,,EU,,1.5,Maintain,Maintain,Out,81,81,Hold,1,Hold,1,Maintain,4,Hold,1,Hold,1,,Hold,1,
Tech Stack,Languages,Compiled Languages,VB.NET,,,,,,Business services,Other,Languages and Frameworks,VB.Net,https://vox.sapient.com/docs/DOC-119361,,EU,,3,Invest,Exit,In,50,0,Maintain,4,Maintain,4,Maintain,4,Maintain,4,Hold,1,,Hold,1,
Tech Stack,Languages,Compiled Languages,C#,,,,,,Business services,Other,Languages and Frameworks,C#,https://vox.sapient.com/docs/DOC-119363,,EU,,2.833333333,Invest,Maintain,Static,50,0,Maintain,4,Hold,1,No Opinion ,0,Maintain,4,Maintain,4,,Maintain,4,
Tech Stack,Languages,Compiled Languages,Objective C,,,,,,Presentation layer,Other,Languages and Frameworks,Objective C ,https://vox.sapient.com/docs/DOC-119364,,EU,,1.333333333,Hold,Watch,In,50,0,Hold,1,Hold,1,No Opinion ,0,Hold,1,Hold,1,,Maintain,4,
Tech Stack,Languages,Compiled Languages,C,,,,,,Business services,Other,Languages and Frameworks,C,https://vox.sapient.com/docs/DOC-119365,,EU,,1.666666667,Watch,Exit,In,50,0,No Opinion,0,Maintain,4,No Opinion ,0,Maintain,4,Hold,1,,Hold,1,
Tech Stack,Languages,Metadata,JSON,,,,,,Presentation layer,Other,Languages and Frameworks,JSON,https://vox.sapient.com/docs/DOC-119873,,EU,,3,Invest,Maintain,Static,50,0,Hold,1,Hold,1,Maintain,4,Maintain,4,Maintain,4,,Maintain,4,
Tech Stack,Languages,Interpreted,Ruby,RubyMotion,,,,,Presentation layer,Other,Tools,Rubymotion,https://vox.sapient.com/docs/DOC-118590?sr=stream,,EU,TW-May13-Assess,1.5,Maintain,Watch,Static,50,0,Maintain,4,Invest,3,No Opinion ,0,No Opinion ,0,Hold,1,,Hold,1,
Tech Stack,Languages,Interpreted,JavaScript,Dependency Management,NPM,,,,Business services,Other,Tools,Node Package Manager,,,EU,TW-May13-Trial ,1.833333333,Watch,Watch,Static,50,0,No Opinion,0,Invest,3,No Opinion ,0,No Opinion ,0,Maintain,4,,Maintain,4,
Tech Stack,Languages,Interpreted,JavaScript,Dependency Management,Bower,,,,Presentation layer,Next Generation Platform,Languages and Frameworks,Bower - package manager,,,EU,,1.833333333,Watch,Watch,In,50,0,Hold,1,Hold,1,Hold,1,No Opinion ,0,Maintain,4,,Maintain,4,
Tech Stack,Languages,Functional,Clojure,,,,,,Business services,Next Generation Platform,Languages and Frameworks,Clojure,https://vox.sapient.com/docs/DOC-118621,,IND,TW-May13-Adopt ,0.5,Hold,Invest,Static,50,0,No Opinion,0,Hold,1,Hold,1,No Opinion ,0,Hold,1,,No Opinion,0,
Tech Stack,Languages,Functional,Groovy,,,,,,Presentation layer,Next Generation Platform,Languages and Frameworks,Groovy,https://vox.sapient.com/docs/DOC-118622,,EU,,1.5,Maintain,Invest,Out,50,0,Maintain,4,Invest,3,No Opinion ,0,No Opinion ,0,Watch,2,,No Opinion,0,
Tech Stack,Languages,Functional,Scala,,,,,,Business services,Next Generation Platform,Languages and Frameworks,Scala,https://vox.sapient.com/docs/DOC-118623,,IND,TW-Jul14-Adopt,0.5,Hold,Invest,In,50,0,No Opinion,0,No Opinion ,0,No Opinion ,0,No Opinion ,0,Invest,3,,No Opinion,0,
Tech Stack,Non-Functional Requirements,Scalability,Blitz.io,,,,,,Integration,Other,Tools,Blitz.io,,,EU,,1.666666667,Watch,Watch,Static,50,0,Hold,1,Maintain,4,Maintain,4,No Opinion ,0,Hold,1,,No Opinion,0,
Tech Stack,Non-Functional Requirements,Scalability,JMeter,,,,,,Delivery,Other,Tools,JMeter,,,EU,,1.666666667,Watch,Exit,Out,50,0,No Opinion,0,Maintain,4,Maintain,4,No Opinion ,0,Watch,2,,No Opinion,0,
Tech Stack,Non-Functional Requirements,Scalability,HP LoanRunner,,,,,,Delivery,Other,Tools,HP LoadRunner,,,EU,,1.666666667,Watch,Exit,In,50,0,No Opinion,0,Maintain,4,Maintain,4,No Opinion ,0,Watch,2,,No Opinion,0,
Tech Stack,Non-Functional Requirements,Availability,Chaos Monkey,,,,,,Integration,Other,Tools,Chaos Monkey for AWS,https://vox.sapient.com/docs/DOC-118293,,IND,TW-Jul14-Trial ,0.833333333,Hold,Watch,Out,50,0,No Opinion,0,No Opinion ,0,Maintain,4,No Opinion ,0,Hold,1,,No Opinion,0,
Tech Stack,Platform Services,Monitoring,Splunk,,,,,,Infrastructure,Next Generation Platform,Languages and Frameworks,Splunk,https://vox.sapient.com/docs/DOC-119879,,EU,,1,Hold,Invest,Static,50,0,Hold,1,Hold,1,Hold,1,No Opinion ,0,Invest,3,,No Opinion,0,
Tech Stack,Platform Services,Security,Tools,Nessus,,,,,Infrastructure,Other,Platforms,Nessus,,,EU,,1.666666667,Watch,Watch,In,50,0,Hold,1,Maintain,4,No Opinion ,0,Maintain,4,Hold,1,,No Opinion,0,
Tech Stack,Platform Services,Security,Protocols,WS-* Standards,,,,,Integration,Other,Platforms,WS-* Standards,,,EU,TW-Jul14-Assess,1.666666667,Watch,Watch,In,50,0,No Opinion,0,No Opinion ,0,Maintain,4,Maintain,4,Hold,1,,Hold,1,
Tech Stack,Platform Services,Security,Protocols,OAuth 2.0,,,,,Integration,Next Generation Platform,Platforms,OAuth 2.0,https://vox.sapient.com/docs/DOC-119924,,EU,TW-Oct13-Assess,0.666666667,Hold,Invest,In,50,0,No Opinion,0,No Opinion ,0,No Opinion ,0,No Opinion ,0,Watch,2,,Watch,2,
Infrastructure,OS,Native,Windows,,,,,,Infrastructure,Other,Platforms,Microsoft Windows Server,,,EU,,3.333333333,Invest,Watch,Static,50,0,Maintain,4,Maintain,4,Maintain,4,No Opinion ,0,Maintain,4,,Maintain,4,
Infrastructure,OS,Native,Linux based,RHEL,,,,,Infrastructure,Other,Platforms,RHEL,,,EU,,1.833333333,Watch,Watch,Out,50,0,Hold,1,Hold,1,Hold,1,No Opinion ,0,Maintain,4,,Maintain,4,
Infrastructure,OS,Native,Linux based,Ubuntu,,,,,Infrastructure,Other,Platforms,Ubuntu,,,EU,,1,Hold,Exit,Out,50,0,Hold,1,Hold,1,Watch,2,No Opinion ,0,Hold,1,,Hold,1,
Infrastructure,OS,j,Linux based,OpenSUSE,,,,,Infrastructure,Other,Platforms,OpenSUSE,,,EU,,1.833333333,Watch,Exit,Static,50,0,Hold,1,Maintain,4,Maintain,4,No Opinion ,0,Hold,1,,Hold,1,
Infrastructure,OS,Native,Others,Solaris,,,,,Infrastructure,Other,Platforms,Solaris,https://vox.sapient.com/docs/DOC-118560,,EU,,2.333333333,Watch,Exit,Out,50,0,No Opinion,0,Maintain,4,Maintain,4,Maintain,4,Hold,1,,Hold,1,
Infrastructure,OS,VM,,,,,,,Infrastructure,Other,Platforms,VMWare,,,EU,,0.833333333,Hold,Watch,In,50,0,Hold,1,No Opinion ,0,Invest,3,No Opinion ,0,Hold,1,,No Opinion,0,
Infrastructure,Hosting,Cloud,Stack,Types,IAAS,Rackspace,,,Infrastructure,Next Generation Platform,Platforms,Rackspace ,,,EU,TW-May13-Trial ,2,Watch,Watch,In,50,0,No Opinion,0,No Opinion ,0,Maintain,4,No Opinion ,0,Maintain,4,,Maintain,4,
Infrastructure,Hosting,Cloud,Stack,Types,PAAS,MS Azure,,,Infrastructure,Next Generation Platform,Platforms,Microsoft Azure,https://vox.sapient.com/docs/DOC-119884,,EU,TW-May13-Trial ,2.333333333,Watch,Invest,Out,50,0,No Opinion,0,Invest,3,Invest,3,Maintain,4,Maintain,4,,No Opinion,0,
Infrastructure,Hosting,Cloud,Stack,Types,PAAS,Amazon AWS,,,Infrastructure,Next Generation Platform,Platforms,Amazon AWS,https://vox.sapient.com/docs/DOC-119880,,EU,,2.333333333,Watch,Invest,In,50,0,No Opinion,0,No Opinion ,0,Watch,2,Maintain,4,Maintain,4,,Maintain,4,
Infrastructure,Hosting,Cloud,Stack,Types,PAAS,Google Cloud,,,Infrastructure,Next Generation Platform,Platforms,Google App Engine,https://vox.sapient.com/docs/DOC-119882,,EU,,0.5,Hold,Invest,Static,50,0,No Opinion,0,No Opinion ,0,Watch,2,No Opinion ,0,Hold,1,,No Opinion,0,
,,,,,,,,,Infrastructure,Next Generation Platform,Platforms,Google Compute Engine,,,,,,,Invest,Static,50,0,,,,,,,,,,,,,,
,,,,,,,,,Infrastructure,Next Generation Platform,Platforms,Equinix,,,,,,,Watch,Static,50,0,,,,,,,,,,,,,,
,,,,,,,,,Infrastructure,Next Generation Platform,Platforms,OpenShift by RedHat,,,,,,,Watch,Static,50,0,,,,,,,,,,,,,,
,,,,,,,,,Infrastructure,Next Generation Platform,Platforms,IBM SmartCloud,,,,,,,Watch,Static,50,0,,,,,,,,,,,,,,
Infrastructure,Hosting,Cloud,Stack,DC Management,,,,,Infrastructure,Other,Techniques,DC Management,,,EU,,1.833333333,Watch,Watch,Out,50,0,No Opinion,0,Invest,3,Maintain,4,Maintain,4,No Opinion,0,,No Opinion,0,
Infrastructure,Hosting,Cloud,Management,Storage,IBM,,,,Data layer,Other,Platforms,IBM DB2,,,EU,,0.666666667,Hold,Exit,Static,50,0,No Opinion,0,Hold,1,Watch,2,No Opinion ,0,Hold,1,,No Opinion,0,
Infrastructure,Hosting,Cloud,Digital Ocean,,,,,,Infrastructure,Other,Platforms,DigitalOcean,https://vox.sapient.com/docs/DOC-118329?sr=stream,,EU,TW-Jul14-Assess,1.166666667,Hold,Watch,Static,50,0,No Opinion,0,No Opinion ,0,Invest,3,No Opinion ,0,Watch,2,,Watch,2,
Infrastructure,Tools,Ansible,,,,,,,Infrastructure,Other,Tools,Ansible,https://vox.sapient.com/docs/DOC-119877,,IND,TW-Jul14-Adopt,0.833333333,Hold,Invest,Static,50,0,Invest,3,No Opinion ,0,No Opinion ,0,No Opinion ,0,Watch,2,,No Opinion,0,
Infrastructure,Tools,Docker,,,,,,,Infrastructure,Other,Tools,Docker,https://vox.sapient.com/docs/DOC-118294,,IND,TW-Jul14-Trial ,0,Maintain,Invest,Out,50,0,No Opinion,0,No Opinion ,0,No Opinion ,0,No Opinion ,0,No Opinion,0,,No Opinion,0,
Infrastructure,Tools,Foreman,,,,,,,Infrastructure,Other,Tools,Foreman,https://vox.sapient.com/docs/DOC-118296,,EU,TW-Jul14-Trial ,0,Maintain,Watch,In,50,0,No Opinion,0,No Opinion ,0,No Opinion ,0,No Opinion ,0,No Opinion,0,,No Opinion,0,
Infrastructure,Tools,Packer,,,,,,,Infrastructure,Other,Tools,Packer,https://vox.sapient.com/docs/DOC-118303?sr=stream,,EU,TW-Jul14-Trial ,0.166666667,Hold,Watch,Static,50,0,Hold,1,No Opinion ,0,No Opinion ,0,No Opinion ,0,No Opinion,0,,No Opinion,0,
Delivery,QA,Regression,Visual,dpxdt,,,,,Presentation layer,Other,Tools,dpxdt - continous deployment testing,,,EU,TW-Jul14-Trial ,0,Maintain,Watch,In,50,0,No Opinion,0,No Opinion ,0,No Opinion ,0,No Opinion ,0,No Opinion,0,,No Opinion,0,
Delivery,QA,Regression,Visual,Huxley,,,,,Presentation layer,Other,Tools,Huxley - visual regression testing,,,EU,TW-Jul14-Trial ,1.5,Maintain,Watch,Static,50,0,Invest,3,Invest,3,No Opinion ,0,Invest,3,No Opinion,0,,No Opinion,0,
Delivery,QA,Regression,Visual,PhantomCSS,,,,,Presentation layer,Next Generation Platform,Tools,PhantomJS - screen capture,https://vox.sapient.com/docs/DOC-119847,,IND,TW-Jul14-Trial ,1,Hold,Invest,Static,50,0,No Opinion,0,No Opinion ,0,No Opinion ,0,No Opinion ,0,Invest,3,,Invest,3,
Delivery,QA,Regression,Visual,Wraith,,,,,Presentation layer,Other,Tools,Wraith - screenshot comparision testing,,,EU,TW-Jul14-Trial ,2,Watch,Watch,In,50,0,No Opinion,0,Maintain,4,Maintain,4,Maintain,4,No Opinion,0,,No Opinion,0,
Delivery,JIRA,,,,,,,,Delivery,Other,Tools,JIRA,,,EU,,1.166666667,Hold,Invest,Out,50,0,No Opinion,0,No Opinion ,0,No Opinion ,0,No Opinion ,0,Maintain,4,,Invest,3,
Infrastructure,Hosting,Cloud,Stack,Types,IAAS,,,,Data layer,Other,Platforms,Storm,https://vox.sapient.com/docs/DOC-118356?sr=stream,,IND,,0.5,Hold,Watch,Out,50,0,No Opinion,0,No Opinion ,0,No Opinion ,0,No Opinion ,0,Invest,3,,No Opinion,0,
Tech Stack,Layers,Data,Big Data,Batch,Hadoop,,,,Presentation layer,Other,Tools,Calabash - mobile acceptance testing,,,IND,,0.333333333,Hold,Watch,In,50,0,No Opinion,0,No Opinion ,0,No Opinion ,0,No Opinion ,0,Watch,2,,No Opinion,0,
Delivery,QA,Testing,,,,,,,Infrastructure,Other,Tools,Gatling,,,IND,,0.333333333,Hold,Watch,Static,50,0,No Opinion,0,No Opinion ,0,No Opinion ,0,No Opinion ,0,Watch,2,,No Opinion,0,
Tech Stack,Non Functional ,,,,,,,,Presentation layer,Other,Tools,Hystrix - latency testing,,,IND,,0.333333333,Hold,Watch,Out,50,0,No Opinion,0,No Opinion ,0,No Opinion ,0,No Opinion ,0,Watch,2,,No Opinion,0,
Tech Stack,Non-Functional Requirements,Availability,,,,,,,Infrastructure,Other,Tools,Puppet and Chef,,,IND,,0.666666667,Hold,Watch,In,50,0,No Opinion,0,No Opinion ,0,No Opinion ,0,No Opinion ,0,Watch,2,,Watch,2,
,,,,,,,,,Infrastructure,Next Generation Platform,Tools,uDeploy,,,,,,,Watch,In,50,1,,,,,,,,,,,,,,
Tech Stack,Layers,Service,Web Servers,,,,,,Infrastructure,Other,Techniques,Cloud-init,,,IND,,0.5,Hold,Watch,Out,50,0,No Opinion,0,No Opinion ,0,No Opinion ,0,No Opinion ,0,Invest,3,,No Opinion,0,
Infrastructure,Hosting,Cloud,Deployment models,,,,,,Infrastructure,Other,Tools,Octopus,,,IND,,0.333333333,Hold,Watch,In,50,0,No Opinion,0,No Opinion ,0,No Opinion ,0,No Opinion ,0,Watch,2,,No Opinion,0,
,,,,,,,,,Infrastructure,Other,Tools,Sensu,,,IND,,0.5,Hold,Watch,Static,50,0,No Opinion,0,No Opinion ,0,No Opinion ,0,No Opinion ,0,Invest,3,,No Opinion,0,
,,,,,,,,,Infrastructure,Next Generation Platform,Techniques,SaaS,,,,,,,Invest,Static,50,0,,,,,,,,,,,,,,
,,,,,,,,,Infrastructure,Next Generation Platform,Techniques,PaaS,,,,,,,Invest,Static,50,0,,,,,,,,,,,,,,
,,,,,,,,,Infrastructure,Next Generation Platform,Techniques,IaaS,,,,,,,Invest,Static,50,0,,,,,,,,,,,,,,
Tech Stack,Layers,Presentation,Native,Mobile,iOS,,,,Infrastructure,Other,Tools,Ant,,,IND,,1.333333333,Hold,Exit,Static,50,0,No Opinion,0,No Opinion ,0,No Opinion ,0,No Opinion ,0,Maintain,4,,Maintain,4,
Tech Stack,Languages,Interpreted,Ruby,,,,,,Presentation layer,Other,Languages and Frameworks,CoffeeScript,https://vox.sapient.com/docs/DOC-119875,,IND,,0.5,Hold,Invest,Static,50,0,No Opinion,0,Hold,1,No Opinion ,0,No Opinion ,0,Hold,1,,Hold,1,
Tech Stack,Languages,Interpreted,,,,,,,Business services,Other,Languages and Frameworks,Go Language,,,IND,,1.166666667,Hold,Watch,Out,50,0,No Opinion,0,Invest,3,No Opinion ,0,No Opinion ,0,Watch,2,,Watch,2,
Tech Stack,Languages,Compiled Languages,,,,,,,Presentation layer,Next Generation Platform,Platforms,Play Framework,,,IND,,1.166666667,Hold,Watch,In,50,0,No Opinion,0,Invest,3,No Opinion ,0,No Opinion ,0,Watch,2,,Watch,2,
Tech Stack,Layers,Business Logic,Types,Non-blocking I/O,,,,,Presentation layer,Other,Languages and Frameworks,JSF,,,IND,,0.666666667,Hold,Exit,Out,50,0,No Opinion,0,Watch,2,No Opinion ,0,No Opinion ,0,Hold,1,,Hold,1,
Tech Stack,Tools,Version Control,,,,,,,Delivery,Other,Tools,Mercurial,,,IND,,0.833333333,Hold,Exit,Out,50,0,No Opinion,0,Invest,3,No Opinion ,0,No Opinion ,0,Watch,2,,No Opinion,0,
Tech Stack,Tools,Version Control,,,,,,,Delivery,Other,Tools,Stash,,,IND,,1.5,Maintain,Invest,In,50,0,No Opinion,0,Invest,3,Invest,3,No Opinion ,0,Invest,3,,No Opinion,0,
Delivery,QA,Testing,Framework,,,,,,Delivery,Other,Tools,Selenium,,,IND,,1.333333333,Hold,Watch,Static,50,0,No Opinion,0,No Opinion ,0,No Opinion ,0,No Opinion ,0,Maintain,4,,Maintain,4,
Survey Software,,,,,,,,,Business services,Other,Tools,Apian,,,,,0.333333333,Hold,Watch,Out,50,0,No Opinion,0,No Opinion ,0,No Opinion ,0,No Opinion ,0,Watch,2,,No Opinion,0,
,,,,,,,,,Business services,Next Generation Platform,Techniques,REST API based services / API Management,,,,,,,Invest,In,50,0,,,,,,,,,,,,,,
,,,,,,,,,Business services,Other,Techniques,Reactive Extensions (across Languages),https://vox.sapient.com/docs/DOC-119777,,,,0.833333333,Hold,Invest,Static,50,0,No Opinion,0,Invest,3,No Opinion ,0,No Opinion ,0,Watch,2,,No Opinion,0,
,,,,,,,,,Data layer,Business Intelligence,Techniques,Predictive Analytics,https://vox.sapient.com/docs/DOC-119779,,,,0.5,Hold,Watch,Static,50,0,No Opinion,0,No Opinion ,0,No Opinion ,0,No Opinion ,0,Invest,3,,No Opinion,0,
,,,,,,,,,Business services,Next Generation Platform,Techniques,Functional Programming,https://vox.sapient.com/docs/DOC-119778,,,,0.5,Hold,Invest,In,50,0,No Opinion,0,No Opinion ,0,No Opinion ,0,No Opinion ,0,Invest,3,,No Opinion,0,
Tech Stack,Layers,Messaging and Communications,Messaging,Asynchronous,ESB / Message Broker / EAI,,,,Integration,Other,Platforms,Mule ESB,,Maintain,In,,,,Invest,In,50,0,,,,,,,,,,,,,,
Tech Stack,Layers,Messaging and Communications,Messaging,Asynchronous,ESB / Message Broker / EAI,,,,Integration,Other,Platforms,IBM Websphere Message Broker,50,,,,,,Watch,Static,50,0,,,,,,,,,,,,,,
Tech Stack,Layers,Messaging and Communications,Messaging,Asynchronous,ESB / Message Broker / EAI,,,,Integration,Other,Platforms,TIBCO Business Works,50,,,,,,Watch,Static,50,0,,,,,,,,,,,,,,
Tech Stack,Layers,Messaging and Communications,Messaging,Asynchronous,ESB / Message Broker / EAI,,,,Integration,Other,Platforms,Oracle SOA Suite,50,,,,,,Watch,Static,50,0,,,,,,,,,,,,,,
Tech Stack,Layers,Messaging and Communications,Messaging,Asynchronous,ESB / Message Broker / EAI,,,,Integration,Other,Platforms,Fuse ESB,50,,,,,,Watch,Static,50,0,,,,,,,,,,,,,,
Tech Stack,Layers,Messaging and Communications,Messaging,Asynchronous,ESB / Message Broker / EAI,,,,Integration,Other,Platforms,Webmethods,50,,,,,,Exit,Static,50,0,,,,,,,,,,,,,,
Tech Stack,Layers,Messaging and Communications,Messaging,Asynchronous,ESB / Message Broker / EAI,,,,Integration,Other,Platforms,Apache Active MQ,50,,,,,,Invest,in,50,0,,,,,,,,,,,,,,
Tech Stack,Layers,Messaging and Communications,Messaging,Asynchronous,ESB / Message Broker / EAI,,,,Integration,Other,Platforms,UltraESB,50,,,,,,Watch,Static,50,0,,,,,,,,,,,,,,
Tech Stack,Layers,Messaging and Communications,Messaging,Asynchronous,ESB / Message Broker / EAI,,,,Integration,Other,Platforms,Apache Camel,50,,,,,,Watch,Static,50,0,,,,,,,,,,,,,,
Tech Stack,Layers,Messaging and Communications,Messaging,Asynchronous,ESB / Message Broker / EAI,,,,Integration,Other,Platforms,OpenESB,,Maintain,In,,0,,Watch,Static,50,0,,,,,,,,,,,,,,
Tech Stack,Layers,Messaging and Communications,Messaging,Asynchronous,ESB / Message Broker / EAI,,,,Integration,Other,Platforms,BizTalk Server,,,,,,,Maintain,Static,50,0,,,,,,,,,,,,,,
Tech Stack,Layers,Messaging and Communications,Messaging,Asynchronous,ETL,,,,Integration,Other,Platforms,Pentaho Kettle,,Maintain,Static,,0,,Watch,In,50,0,,,,,,,,,,,,,,
Tech Stack,Layers,Messaging and Communications,Messaging,Asynchronous,ETL,,,,Integration,Other,Platforms,Ab Initio,,Maintain,Static,,0,,Exit,Out,50,0,,,,,,,,,,,,,,
Tech Stack,Layers,Messaging and Communications,Messaging,Asynchronous,ETL,,,,Integration,Other,Platforms,IBM DatStage,,Maintain,Static,,0,,Watch,In,50,0,,,,,,,,,,,,,,
Tech Stack,Layers,Messaging and Communications,Messaging,Asynchronous,ETL,,,,Integration,Other,Platforms,Talend,,Maintain,Static,,0,,Invest,In,50,0,,,,,,,,,,,,,,
Tech Stack,Layers,Messaging and Communications,Messaging,Asynchronous,ETL,,,,Integration,Other,Platforms,Informatica,,Maintain,Static,,0,,Maintain,Static,50,0,,,,,,,,,,,,,,
Tech Stack,Layers,Messaging and Communications,Messaging,Asynchronous,ETL,,,,Integration,Other,Platforms,SQL Server Integration Services (SSIS),,Maintain,Static,,0,,Maintain,Static,50,0,,,,,,,,,,,,,,
Tech Stack,Layers,Messaging and Communications,Messaging,Asynchronous,BPM,,,,Integration,Other,Platforms,iBPM,,,,,,,Invest,In,50,0,,,,,,,,,,,,,,
Tech Stack,Layers,Messaging and Communications,Messaging,Asynchronous,BPM,,,,Integration,Other,Platforms,Activiti BPM,,,,,,,Watch,Static,50,0,,,,,,,,,,,,,,
Tech Stack,Layers,Messaging and Communications,Messaging,Asynchronous,BPM,,,,Integration,Other,Platforms,Oracle BPM,,,,,,,Watch,Static,50,0,,,,,,,,,,,,,,
Tech Stack,Layers,Messaging and Communications,Messaging,Asynchronous,BPM,,,,Integration,Other,Platforms,IBM BPM,,,,,,,Watch,Static,50,0,,,,,,,,,,,,,,
Tech Stack,Layers,Messaging and Communications,Messaging,Asynchronous,BPM,,,,Integration,Other,Platforms,PegaSystems,,,,,,,Watch,Static,50,0,,,,,,,,,,,,,,
,Layers,Presentation Layers,,,,,,,Presentation layer,Design,Techniques,Material Design,,,,,,,Invest,In,50,0,,,,,,,,,,,,,,
,,,,,,,,,,,,,,,,,,,,,,,,,,,,,,,,,,,,
,,,,,,,,,,,,,,,,,,,,,,,,,,,,,,,,,,,,
,,,,,,,,,,,,,,,,,,,,,,,,,,,,,,,,,,,,
,,,,,,,,,,,,,,,,,,,,,,,,,,,,,,,,,,,,
,,,,,,,,,,,,,,,,,,,,,,,,,,,,,,,,,,,,
,,,,,,,,,,,,,,,,,,,,,,,,,,,,,,,,,,,,
,,,,,,,,,,,,,,,,,,,,,,,,,,,,,,,,,,,,
,,,,,,,,,,,,,,,,,,,,,,,,,,,,,,,,,,,,
,,,,,,,,,,,,,,,,,,,,,,,,,,,,,,,,,,,,
,,,,,,,,,,,,,,,,,,,,,,,,,,,,,,,,,,,,
,,,,,,,,,,,,,,,,,,,,,,,,,,,,,,,,,,,,
,,,,,,,,,,,,,,,,,,,,,,,,,,,,,,,,,,,,
,,,,,,,,,,,,,,,,,,,,,,,,,,,,,,,,,,,,
,,,,,,,,,,,,,,,,,,,,,,,,,,,,,,,,,,,,
,,,,,,,,,,,,,,,,,,,,,,,,,,,,,,,,,,,,
,,,,,,,,,,,,,,,,,,,,,,,,,,,,,,,,,,,,
,,,,,,,,,,,,,,,,,,,,,,,,,,,,,,,,,,,,
,,,,,,,,,,,,,,,,,,,,,,,,,,,,,,,,,,,,
,,,,,,,,,,,,,,,,,,,,,,,,,,,,,,,,,,,,
,,,,,,,,,,,,,,,,,,,,,,,,,,,,,,,,,,,,
,,,,,,,,,,,,,,,,,,,,,,,,,,,,,,,,,,,,
,,,,,,,,,,,,,,,,,,,,,,,,,,,,,,,,,,,,
,,,,,,,,,,,,,,,,,,,,,,,,,,,,,,,,,,,,
,,,,,,,,,,,,,,,,,,,,,,,,,,,,,,,,,,,,
,,,,,,,,,,,,,,,,,,,,,,,,,,,,,,,,,,,,
,,,,,,,,,,,,,,,,,,,,,,,,,,,,,,,,,,,,
,,,,,,,,,,,,,,,,,,,,,,,,,,,,,,,,,,,,
,,,,,,,,,,,,,,,,,,,,,,,,,,,,,,,,,,,,
,,,,,,,,,,,,,,,,,,,,,,,,,,,,,,,,,,,,
,,,,,,,,,,,,,,,,,,,,,,,,,,,,,,,,,,,,
,,,,,,,,,,,,,,,,,,,,,,,,,,,,,,,,,,,,
,,,,,,,,,,,,,,,,,,,,,,,,,,,,,,,,,,,,
,,,,,,,,,,,,,,,,,,,,,,,,,,,,,,,,,,,,
,,,,,,,,,,,,,,,,,,,,,,,,,,,,,,,,,,,,
,,,,,,,,,,,,,,,,,,,,,,,,,,,,,,,,,,,,
,,,,,,,,,,,,,,,,,,,,,,,,,,,,,,,,,,,,
,,,,,,,,,,,,,,,,,,,,,,,,,,,,,,,,,,,,
,,,,,,,,,,,,,,,,,,,,,,,,,,,,,,,,,,,,
,,,,,,,,,,,,,,,,,,,,,,,,,,,,,,,,,,,,
,,,,,,,,,,,,,,,,,,,,,,,,,,,,,,,,,,,,
,,,,,,,,,,,,,,,,,,,,,,,,,,,,,,,,,,,,
,,,,,,,,,,,,,,,,,,,,,,,,,,,,,,,,,,,,
,,,,,,,,,,,,,,,,,,,,,,,,,,,,,,,,,,,,
,,,,,,,,,,,,,,,,,,,,,,,,,,,,,,,,,,,,
,,,,,,,,,,,,,,,,,,,,,,,,,,,,,,,,,,,,
,,,,,,,,,,,,,,,,,,,,,,,,,,,,,,,,,,,,
,,,,,,,,,,,,,,,,,,,,,,,,,,,,,,,,,,,,
,,,,,,,,,,,,,,,,,,,,,,,,,,,,,,,,,,,,
,,,,,,,,,,,,,,,,,,,,,,,,,,,,,,,,,,,,
,,,,,,,,,,,,,,,,,,,,,,,,,,,,,,,,,,,,
,,,,,,,,,,,,,,,,,,,,,,,,,,,,,,,,,,,,
,,,,,,,,,,,,,,,,,,,,,,,,,,,,,,,,,,,,
,,,,,,,,,,,,,,,,,,,,,,,,,,,,,,,,,,,,
,,,,,,,,,,,,,,,,,,,,,,,,,,,,,,,,,,,,
,,,,,,,,,,,,,,,,,,,,,,,,,,,,,,,,,,,,
,,,,,,,,,,,,,,,,,,,,,,,,,,,,,,,,,,,,
,,,,,,,,,,,,,,,,,,,,,,,,,,,,,,,,,,,,
,,,,,,,,,,,,,,,,,,,,,,,,,,,,,,,,,,,,
,,,,,,,,,,,,,,,,,,,,,,,,,,,,,,,,,,,,
,,,,,,,,,,,,,,,,,,,,,,,,,,,,,,,,,,,,
,,,,,,,,,,,,,,,,,,,,,,,,,,,,,,,,,,,,
,,,,,,,,,,,,,,,,,,,,,,,,,,,,,,,,,,,,
,,,,,,,,,,,,,,,,,,,,,,,,,,,,,,,,,,,,
,,,,,,,,,,,,,,,,,,,,,,,,,,,,,,,,,,,,
,,,,,,,,,,,,,,,,,,,,,,,,,,,,,,,,,,,,
,,,,,,,,,,,,,,,,,,,,,,,,,,,,,,,,,,,,
,,,,,,,,,,,,,,,,,,,,,,,,,,,,,,,,,,,,
,,,,,,,,,,,,,,,,,,,,,,,,,,,,,,,,,,,,
,,,,,,,,,,,,,,,,,,,,,,,,,,,,,,,,,,,,
,,,,,,,,,,,,,,,,,,,,,,,,,,,,,,,,,,,,
,,,,,,,,,,,,,,,,,,,,,,,,,,,,,,,,,,,,
,,,,,,,,,,,,,,,,,,,,,,,,,,,,,,,,,,,,
,,,,,,,,,,,,,,,,,,,,,,,,,,,,,,,,,,,,
,,,,,,,,,,,,,,,,,,,,,,,,,,,,,,,,,,,,
,,,,,,,,,,,,,,,,,,,,,,,,,,,,,,,,,,,,
,,,,,,,,,,,,,,,,,,,,,,,,,,,,,,,,,,,,
,,,,,,,,,,,,,,,,,,,,,,,,,,,,,,,,,,,,
,,,,,,,,,,,,,,,,,,,,,,,,,,,,,,,,,,,,
,,,,,,,,,,,,,,,,,,,,,,,,,,,,,,,,,,,,
,,,,,,,,,,,,,,,,,,,,,,,,,,,,,,,,,,,,
,,,,,,,,,,,,,,,,,,,,,,,,,,,,,,,,,,,,